id,item,conditions,expectancy,particle,start_sentence,R_expression,particle_used,original particle,unexpectedUnfair,selection,continutations_indices,checkbox
69a6db0150220,8,4,medium,RA,Auch Moritz,Moritz,auch ,auch,unexpected,,"[1, 3, 2]",{'jQuery111108816071386078121': 61}
69a6db0150220,13,6,medium,OH,Jonas ,Jonas ,ohne,ohne,unexpected,cont2,"[1, 3, 2]",
69a6db0150220,11,2,high,EW,Gerade dann,dann,gerade,gerade,unexpected,cont1,"[3, 2, 1]",
69a6db0150220,21,1,high,RA,Auch heute,heute ,auch,auch,unexpected,cont2,"[2, 1, 3]",
69a6db0150220,18,2,high,EW,Ausgerechnet Christian,Christian,ausgerechnet,ausgerechnet,unexpected,cont1,"[2, 3, 1]",
69a6db0150220,29,1,high,RA,Nur sein neues Handy,sein neues Handy,nur,nur,unexpected and unfair,cont3,"[1, 3, 2]",
69a6db0150220,6,5,medium,EW,Ausgerechnet Nadja,Nadja,ausgerechnet,ausgerechnet,unexpected,cont3,"[3, 1, 2]",
69a6db0150220,105,dummy,medium,dummy,Sie wird vielleicht,dummy,dummy,dummy,dummy,cont2,"[3, 1, 2]",
69a6db0150220,16,3,high,OH,Diese Woche,diese Woche,ohne,ohne ,unexpected,cont2,"[2, 1, 3]",
69a6db0150220,107,dummy,medium,dummy,Sie werden vielleicht,dummy,dummy,dummy,dummy,cont2,"[3, 2, 1]",
69a6db0150220,9,3,high,OH,Einen Tag vor dem Abflug,einen Tag vor dem Abflug,ohne,ohne ,unfair,cont1,"[3, 1, 2]",
69a6db0150220,104,dummy,high,dummy,Lukas wird vielleicht,dummy,dummy,dummy,dummy,cont1,"[1, 2, 3]",
69a6db0150220,15,4,medium,RA,Auch dann,dann,auch,auch,unexpected,,"[3, 1, 2]",{'jQuery111108816071386078121': 61}
69a6db0150220,17,3,high,OH,Diese Münze ,diese Münze,ohne,ohne,unexpected,cont1,"[1, 2, 3]",
69a6db0150220,33,4,medium,RA,Nur dieser Podcast,diese Podcast,nur,nur,unexpected,cont1,"[2, 3, 1]",
69a6db0150220,103,dummy,medium,dummy,Ruth wird vielleicht,dummy,dummy,dummy,dummy,cont3,"[1, 3, 2]",
69a6db0150220,30,6,medium,OH,Heute,heute ,ohne,ohne,unexpected and unfair,cont1,"[3, 2, 1]",
69a6db0150220,108,dummy,high,dummy,Er wird vielleicht,dummy,dummy,dummy,dummy,cont3,"[3, 2, 1]",
69a6db0150220,102,dummy,high,dummy,Die Niederlande,dummy,dummy,dummy,dummy,cont2,"[3, 2, 1]",
69a6db0150220,14,5,medium,EW,Genau an diesem Tag,an diesem Tag,genau,genau,unexpected,cont1,"[1, 3, 2]",
69a6db0150220,106,dummy,high,dummy,Er wird vielleicht,dummy,dummy,dummy,dummy,,"[3, 2, 1]",{'jQuery111108816071386078121': 61}
69a6db0150220,12,1,high,RA,Auch Lisa,Lisa,auch,auch,unexpected,cont2,"[2, 3, 1]",
69a6db0150220,28,2,high,EW,Genau er,er,genau,genau,unexpected and unfair,cont2,"[3, 2, 1]",
69a6db0150220,2,2,high,EW,Ausgerechnet heute,heute,ausgerechnet,ausgerechnet,unexpected,cont2,"[1, 2, 3]",
69a6db0150220,101,dummy,medium,dummy,Lola,dummy,dummy,dummy,dummy,cont2,"[3, 2, 1]",
69a6db0150220,23,6,medium,OH,Jetzt,jetzt,ohne,ohne,unfair,cont2,"[2, 3, 1]",
69a6db0150220,1,3,high,OH,Peter,Peter,ohne,ohne,unexpected,cont3,"[2, 1, 3]",
69a6db0150220,32,5,medium,EW,Ausgerechnet diese Tabletten,diese Tabletten,ausgerechnet,ausgerechnet,unexpected and unfair,cont3,"[1, 3, 2]",
69a6db0150220,3,1,high,RA,Nur Tims Volvo,Tims Volvo,nur,nur,unexpected  and unfair,cont3,"[1, 3, 2]",
69a6db0150220,4,6,medium,OH,Chefarzt Neugebauer,Chefarzt Neugebauer,ohne,ohne ,unexpected,cont2,"[3, 1, 2]",
69a6db0150220,25,4,medium,RA,Nur Simon,Simon,nur,nur,unexpected,cont1,"[2, 3, 1]",
69a6db0150220,24,5,medium,EW,Ausgerechnet Robert,Robert,ausgerechnet,ausgerechnet,unexpected,cont3,"[1, 3, 2]",
69a6ae4785688,106,dummy,high,dummy,Er wird vielleicht,dummy,dummy,dummy,dummy,cont3,"[3, 2, 1]",
69a6ae4785688,16,5,medium,EW,Eben diese Woche,diese Woche,eben,eben,unexpected,cont1,"[1, 2, 3]",
69a6ae4785688,8,6,medium,OH,Moritz ,Moritz,ohne,ohne ,unexpected,cont1,"[3, 1, 2]",
69a6ae4785688,21,3,high,OH,Heute,heute ,ohne,ohne ,unexpected,cont2,"[1, 3, 2]",
69a6ae4785688,107,dummy,medium,dummy,Sie werden vielleicht,dummy,dummy,dummy,dummy,cont2,"[1, 2, 3]",
69a6ae4785688,30,2,high,EW,Gerade heute ,heute ,gerade,gerade,unexpected and unfair,cont2,"[1, 2, 3]",
69a6ae4785688,17,5,medium,EW,Ausgerechnet diese Münze,diese Münze,ausgerechnet,ausgerechnet,unexpected,cont3,"[3, 1, 2]",
69a6ae4785688,6,1,high,RA,Auch Nadja,Nadja,auch,auch,unexpected,cont2,"[3, 1, 2]",
69a6ae4785688,105,dummy,medium,dummy,Sie wird vielleicht,dummy,dummy,dummy,dummy,cont2,"[2, 1, 3]",
69a6ae4785688,13,2,high,EW,Gerade Jonas,Jonas ,gerade,gerade,unexpected,cont2,"[1, 2, 3]",
69a6ae4785688,1,5,medium,EW,Ausgerechnet Peter,Peter,ausgerechnet,ausgerechnet,unexpected,cont1,"[2, 1, 3]",
69a6ae4785688,108,dummy,high,dummy,Er wird vielleicht,dummy,dummy,dummy,dummy,cont2,"[1, 2, 3]",
69a6ae4785688,2,4,medium,RA,Auch heute,heute,auch,auch,unexpected,cont2,"[3, 1, 2]",
69a6ae4785688,23,2,high,EW,Gerade jetzt,jetzt,gerade,gerade,unfair,cont1,"[2, 1, 3]",
69a6ae4785688,102,dummy,high,dummy,Die Niederlande,dummy,dummy,dummy,dummy,cont1,"[2, 3, 1]",
69a6ae4785688,15,6,medium,OH,Dann,dann,ohne,ohne,unexpected,cont2,"[1, 3, 2]",
69a6ae4785688,33,6,medium,OH,Dieser Podcast,diese Podcast,ohne,ohne,unexpected,cont1,"[2, 1, 3]",
69a6ae4785688,12,3,high,OH,Lisa,Lisa,ohne,ohne,unexpected,cont3,"[1, 2, 3]",
69a6ae4785688,32,1,high,RA,Auch diese Tabletten,diese Tabletten,auch ,auch,unexpected and unfair,cont3,"[2, 1, 3]",
69a6ae4785688,4,2,high,EW,Gerade Chefarzt Neugebauer,Chefarzt Neugebauer,gerade,gerade,unexpected,cont2,"[2, 3, 1]",
69a6ae4785688,101,dummy,medium,dummy,Lola,dummy,dummy,dummy,dummy,cont3,"[1, 3, 2]",
69a6ae4785688,3,3,high,OH,Tims Volvo,Tims Volvo,ohne,ohne,unexpected  and unfair,cont1,"[1, 2, 3]",
69a6ae4785688,18,4,medium,RA,Nur Christian,Christian,nur,nur,unexpected,cont2,"[2, 3, 1]",
69a6ae4785688,9,5,medium,EW,Ausgerechnet einen Tag vor dem Abflug,einen Tag vor dem Abflug,ausgerechnet,ausgerechnet,unexpected,cont1,"[2, 1, 3]",
69a6ae4785688,14,1,high,RA,Nur an diesem Tag,an diesem Tag,bloß,bloß,unexpected,cont3,"[1, 3, 2]",
69a6ae4785688,104,dummy,high,dummy,Lukas wird vielleicht,dummy,dummy,dummy,dummy,cont3,"[2, 1, 3]",
69a6ae4785688,11,4,medium,RA,Erst dann,dann,erst,erst,unexpected,cont2,"[3, 1, 2]",
69a6ae4785688,25,6,medium,OH,Simon,Simon,ohne,ohne,unexpected,cont1,"[3, 1, 2]",
69a6ae4785688,103,dummy,medium,dummy,Ruth wird vielleicht,dummy,dummy,dummy,dummy,cont2,"[1, 3, 2]",
69a6ae4785688,24,1,high,RA,Auch Robert,Robert,auch,auch,unexpected,cont2,"[2, 3, 1]",
69a6ae4785688,29,3,high,OH,Sein neues Handy,sein neues Handy,ohne,ohne,unexpected and unfair,cont3,"[3, 2, 1]",
69a6ae4785688,28,4,medium,RA,Sogar er ,er,sogar,sogar,unexpected,cont2,"[1, 3, 2]",
69a6aea02b4e2,24,5,medium,EW,Ausgerechnet Robert,Robert,ausgerechnet,ausgerechnet,unexpected,cont1,"[2, 3, 1]",
69a6aea02b4e2,21,1,high,RA,Auch heute,heute ,auch,auch,unexpected,cont3,"[1, 2, 3]",
69a6aea02b4e2,6,5,medium,EW,Ausgerechnet Nadja,Nadja,ausgerechnet,ausgerechnet,unexpected,cont3,"[1, 3, 2]",
69a6aea02b4e2,17,3,high,OH,Diese Münze ,diese Münze,ohne,ohne,unexpected,cont1,"[1, 2, 3]",
69a6aea02b4e2,14,5,medium,EW,Genau an diesem Tag,an diesem Tag,genau,genau,unexpected,cont3,"[3, 1, 2]",
69a6aea02b4e2,13,6,medium,OH,Jonas ,Jonas ,ohne,ohne,unexpected,cont1,"[3, 1, 2]",
69a6aea02b4e2,107,dummy,medium,dummy,Sie werden vielleicht,dummy,dummy,dummy,dummy,cont1,"[1, 2, 3]",
69a6aea02b4e2,25,4,medium,RA,Nur Simon,Simon,nur,nur,unexpected,cont1,"[1, 3, 2]",
69a6aea02b4e2,16,3,high,OH,Diese Woche,diese Woche,ohne,ohne ,unexpected,cont3,"[2, 3, 1]",
69a6aea02b4e2,108,dummy,high,dummy,Er wird vielleicht,dummy,dummy,dummy,dummy,cont3,"[2, 3, 1]",
69a6aea02b4e2,4,6,medium,OH,Chefarzt Neugebauer,Chefarzt Neugebauer,ohne,ohne ,unexpected,cont1,"[1, 2, 3]",
69a6aea02b4e2,30,6,medium,OH,Heute,heute ,ohne,ohne,unexpected and unfair,cont1,"[3, 1, 2]",
69a6aea02b4e2,101,dummy,medium,dummy,Lola,dummy,dummy,dummy,dummy,cont1,"[3, 2, 1]",
69a6aea02b4e2,103,dummy,medium,dummy,Ruth wird vielleicht,dummy,dummy,dummy,dummy,cont3,"[1, 2, 3]",
69a6aea02b4e2,106,dummy,high,dummy,Er wird vielleicht,dummy,dummy,dummy,dummy,cont1,"[1, 3, 2]",
69a6aea02b4e2,32,5,medium,EW,Ausgerechnet diese Tabletten,diese Tabletten,ausgerechnet,ausgerechnet,unexpected and unfair,cont1,"[3, 1, 2]",
69a6aea02b4e2,3,1,high,RA,Nur Tims Volvo,Tims Volvo,nur,nur,unexpected  and unfair,,"[3, 2, 1]",{'jQuery111107871522902494008': 61}
69a6aea02b4e2,105,dummy,medium,dummy,Sie wird vielleicht,dummy,dummy,dummy,dummy,cont3,"[3, 2, 1]",
69a6aea02b4e2,28,2,high,EW,Genau er,er,genau,genau,unexpected and unfair,cont1,"[2, 1, 3]",
69a6aea02b4e2,102,dummy,high,dummy,Die Niederlande,dummy,dummy,dummy,dummy,cont1,"[2, 1, 3]",
69a6aea02b4e2,12,1,high,RA,Auch Lisa,Lisa,auch,auch,unexpected,cont2,"[3, 1, 2]",
69a6aea02b4e2,104,dummy,high,dummy,Lukas wird vielleicht,dummy,dummy,dummy,dummy,cont1,"[1, 3, 2]",
69a6aea02b4e2,8,4,medium,RA,Auch Moritz,Moritz,auch ,auch,unexpected,cont1,"[1, 2, 3]",
69a6aea02b4e2,11,2,high,EW,Gerade dann,dann,gerade,gerade,unexpected,cont2,"[2, 3, 1]",
69a6aea02b4e2,2,2,high,EW,Ausgerechnet heute,heute,ausgerechnet,ausgerechnet,unexpected,cont1,"[2, 1, 3]",
69a6aea02b4e2,23,6,medium,OH,Jetzt,jetzt,ohne,ohne,unfair,cont1,"[3, 2, 1]",
69a6aea02b4e2,1,3,high,OH,Peter,Peter,ohne,ohne,unexpected,cont2,"[2, 1, 3]",
69a6aea02b4e2,29,1,high,RA,Nur sein neues Handy,sein neues Handy,nur,nur,unexpected and unfair,,"[1, 3, 2]",{'jQuery111107871522902494008': 61}
69a6aea02b4e2,15,4,medium,RA,Auch dann,dann,auch,auch,unexpected,cont2,"[3, 1, 2]",
69a6aea02b4e2,33,4,medium,RA,Nur dieser Podcast,diese Podcast,nur,nur,unexpected,cont3,"[2, 3, 1]",
69a6aea02b4e2,9,3,high,OH,Einen Tag vor dem Abflug,einen Tag vor dem Abflug,ohne,ohne ,unfair,cont3,"[2, 1, 3]",
69a6aea02b4e2,18,2,high,EW,Ausgerechnet Christian,Christian,ausgerechnet,ausgerechnet,unexpected,cont2,"[3, 2, 1]",
69a6af65dfe97,12,3,high,OH,Lisa,Lisa,ohne,ohne,unexpected,cont3,"[1, 2, 3]",
69a6af65dfe97,30,2,high,EW,Gerade heute ,heute ,gerade,gerade,unexpected and unfair,cont3,"[1, 3, 2]",
69a6af65dfe97,16,5,medium,EW,Eben diese Woche,diese Woche,eben,eben,unexpected,cont3,"[1, 3, 2]",
69a6af65dfe97,8,6,medium,OH,Moritz ,Moritz,ohne,ohne ,unexpected,cont2,"[1, 3, 2]",
69a6af65dfe97,25,6,medium,OH,Simon,Simon,ohne,ohne,unexpected,,"[2, 3, 1]",{'jQuery111101249312542533575': 61}
69a6af65dfe97,104,dummy,high,dummy,Lukas wird vielleicht,dummy,dummy,dummy,dummy,cont1,"[2, 1, 3]",
69a6af65dfe97,4,2,high,EW,Gerade Chefarzt Neugebauer,Chefarzt Neugebauer,gerade,gerade,unexpected,cont1,"[3, 1, 2]",
69a6af65dfe97,28,4,medium,RA,Sogar er ,er,sogar,sogar,unexpected,,"[3, 1, 2]",{'jQuery111101249312542533575': 61}
69a6af65dfe97,1,5,medium,EW,Ausgerechnet Peter,Peter,ausgerechnet,ausgerechnet,unexpected,cont3,"[2, 3, 1]",
69a6af65dfe97,6,1,high,RA,Auch Nadja,Nadja,auch,auch,unexpected,cont1,"[1, 2, 3]",
69a6af65dfe97,21,3,high,OH,Heute,heute ,ohne,ohne ,unexpected,cont1,"[2, 3, 1]",
69a6af65dfe97,14,1,high,RA,Nur an diesem Tag,an diesem Tag,bloß,bloß,unexpected,cont2,"[1, 2, 3]",
69a6af65dfe97,9,5,medium,EW,Ausgerechnet einen Tag vor dem Abflug,einen Tag vor dem Abflug,ausgerechnet,ausgerechnet,unexpected,cont1,"[2, 3, 1]",
69a6af65dfe97,103,dummy,medium,dummy,Ruth wird vielleicht,dummy,dummy,dummy,dummy,cont1,"[3, 2, 1]",
69a6af65dfe97,2,4,medium,RA,Auch heute,heute,auch,auch,unexpected,cont2,"[2, 1, 3]",
69a6af65dfe97,106,dummy,high,dummy,Er wird vielleicht,dummy,dummy,dummy,dummy,cont1,"[2, 1, 3]",
69a6af65dfe97,33,6,medium,OH,Dieser Podcast,diese Podcast,ohne,ohne,unexpected,cont2,"[1, 2, 3]",
69a6af65dfe97,17,5,medium,EW,Ausgerechnet diese Münze,diese Münze,ausgerechnet,ausgerechnet,unexpected,cont3,"[2, 1, 3]",
69a6af65dfe97,13,2,high,EW,Gerade Jonas,Jonas ,gerade,gerade,unexpected,cont2,"[2, 1, 3]",
69a6af65dfe97,15,6,medium,OH,Dann,dann,ohne,ohne,unexpected,,"[3, 1, 2]",{'jQuery111101249312542533575': 61}
69a6af65dfe97,3,3,high,OH,Tims Volvo,Tims Volvo,ohne,ohne,unexpected  and unfair,cont3,"[2, 1, 3]",
69a6af65dfe97,23,2,high,EW,Gerade jetzt,jetzt,gerade,gerade,unfair,cont1,"[2, 3, 1]",
69a6af65dfe97,18,4,medium,RA,Nur Christian,Christian,nur,nur,unexpected,cont3,"[2, 1, 3]",
69a6af65dfe97,105,dummy,medium,dummy,Sie wird vielleicht,dummy,dummy,dummy,dummy,cont3,"[3, 2, 1]",
69a6af65dfe97,32,1,high,RA,Auch diese Tabletten,diese Tabletten,auch ,auch,unexpected and unfair,cont3,"[1, 2, 3]",
69a6af65dfe97,108,dummy,high,dummy,Er wird vielleicht,dummy,dummy,dummy,dummy,,"[2, 3, 1]",{'jQuery111101249312542533575': 61}
69a6af65dfe97,24,1,high,RA,Auch Robert,Robert,auch,auch,unexpected,cont2,"[2, 3, 1]",
69a6af65dfe97,107,dummy,medium,dummy,Sie werden vielleicht,dummy,dummy,dummy,dummy,cont2,"[2, 1, 3]",
69a6af65dfe97,11,4,medium,RA,Erst dann,dann,erst,erst,unexpected,,"[1, 2, 3]",{'jQuery111101249312542533575': 61}
69a6af65dfe97,102,dummy,high,dummy,Die Niederlande,dummy,dummy,dummy,dummy,,"[2, 1, 3]",{'jQuery111101249312542533575': 61}
69a6af65dfe97,101,dummy,medium,dummy,Lola,dummy,dummy,dummy,dummy,cont1,"[2, 3, 1]",
69a6af65dfe97,29,3,high,OH,Sein neues Handy,sein neues Handy,ohne,ohne,unexpected and unfair,cont1,"[1, 2, 3]",
69a6aecc10e70,25,2,high,EW,Ausgerechnet Simon,Simon,ausgerechnet,ausgerechnet,unexpected,cont3,"[3, 1, 2]",
69a6aecc10e70,24,3,high,OH,Robert,Robert,ohne,ohne,unexpected,cont2,"[3, 1, 2]",
69a6aecc10e70,105,dummy,medium,dummy,Sie wird vielleicht,dummy,dummy,dummy,dummy,cont3,"[2, 3, 1]",
69a6aecc10e70,6,3,high,OH,Nadja,Nadja,ohne,ohne ,unexpected,cont3,"[1, 2, 3]",
69a6aecc10e70,17,1,high,RA,Auch diese Münze,diese Münze,auch,auch,unexpected,cont1,"[1, 3, 2]",
69a6aecc10e70,30,4,medium,RA,Lediglich heute ,heute ,lediglich,lediglich,unexpected and unfair,cont2,"[1, 2, 3]",
69a6aecc10e70,107,dummy,medium,dummy,Sie werden vielleicht,dummy,dummy,dummy,dummy,cont1,"[2, 1, 3]",
69a6aecc10e70,12,5,medium,EW,Ausgerechnet Lisa,Lisa,ausgerechnet,ausgerechnet,unexpected,cont1,"[2, 1, 3]",
69a6aecc10e70,15,2,high,EW,Genau dann,dann,genau,genau,unexpected,cont2,"[1, 2, 3]",
69a6aecc10e70,32,3,high,OH,Diese Tabletten ,diese Tabletten,ohne,ohne,unexpected and unfair,cont1,"[2, 3, 1]",
69a6aecc10e70,29,5,medium,EW,Ausgerechnet sein neues Handy,sein neues Handy,ausgerechnet,ausgerechnet,unexpected and unfair,cont3,"[3, 1, 2]",
69a6aecc10e70,3,5,medium,EW,Ausgerechnet Tims Volvo,Tims Volvo,ausgerechnet,ausgerechnet,unexpected  and unfair,cont2,"[1, 2, 3]",
69a6aecc10e70,4,4,medium,RA,Nur Chefarzt Neugebauer,Chefarzt Neugebauer,nur,nur,unexpected,cont2,"[2, 3, 1]",
69a6aecc10e70,9,1,high,RA,Sogar einen Tag vor dem Abflug,einen Tag vor dem Abflug,sogar,sogar,unfair,,"[2, 1, 3]",{'jQuery111107786240370298135': 61}
69a6aecc10e70,18,6,medium,OH,Christian ,Christian,ohne,ohne ,unexpected,cont3,"[3, 2, 1]",
69a6aecc10e70,106,dummy,high,dummy,Er wird vielleicht,dummy,dummy,dummy,dummy,cont3,"[3, 2, 1]",
69a6aecc10e70,28,6,medium,OH,Er ,er,ohne,ohne ,unexpected,cont2,"[3, 1, 2]",
69a6aecc10e70,102,dummy,high,dummy,Die Niederlande,dummy,dummy,dummy,dummy,cont2,"[3, 2, 1]",
69a6aecc10e70,11,6,medium,OH,Dann,dann,ohne,ohne ,unexpected,cont1,"[3, 1, 2]",
69a6aecc10e70,101,dummy,medium,dummy,Lola,dummy,dummy,dummy,dummy,cont2,"[2, 1, 3]",
69a6aecc10e70,13,4,medium,RA,Sogar Jonas,Jonas ,sogar,sogar,unexpected,,"[3, 1, 2]",{'jQuery111107786240370298135': 61}
69a6aecc10e70,2,6,medium,OH,Heute,heute,ohne,ohne,unexpected,cont1,"[1, 3, 2]",
69a6aecc10e70,8,2,high,EW,Ausgerechnet Moritz,Moritz,ausgerechnet,ausgerechnet,unexpected,cont1,"[2, 3, 1]",
69a6aecc10e70,103,dummy,medium,dummy,Ruth wird vielleicht,dummy,dummy,dummy,dummy,cont2,"[1, 3, 2]",
69a6aecc10e70,104,dummy,high,dummy,Lukas wird vielleicht,dummy,dummy,dummy,dummy,cont3,"[1, 3, 2]",
69a6aecc10e70,108,dummy,high,dummy,Er wird vielleicht,dummy,dummy,dummy,dummy,cont3,"[1, 3, 2]",
69a6aecc10e70,23,4,medium,RA,Nur jetzt ,jetzt,nur,nur,unfair,cont2,"[2, 1, 3]",
69a6aecc10e70,33,2,high,EW,Gerade dieser Podcast,diese Podcast,gerade,gerade,unexpected,cont1,"[1, 3, 2]",
69a6aecc10e70,1,1,high,RA,Nur Peter,Peter,nur,nur,unexpected,cont1,"[1, 2, 3]",
69a6aecc10e70,14,3,high,OH,An diesem Tag,an diesem Tag,ohne,ohne,unexpected,cont3,"[2, 1, 3]",
69a6aecc10e70,21,5,medium,EW,Eben heute,heute ,eben,eben,unexpected,cont3,"[1, 3, 2]",
69a6aecc10e70,16,1,high,RA,Nur diese Woche,diese Woche,nur,nur,unexpected,,"[3, 1, 2]",{'jQuery111107786240370298135': 61}
69a6db3e0a81a,23,2,high,EW,Gerade jetzt,jetzt,gerade,gerade,unfair,cont1,"[2, 3, 1]",
69a6db3e0a81a,15,6,medium,OH,Dann,dann,ohne,ohne,unexpected,cont2,"[3, 2, 1]",
69a6db3e0a81a,4,2,high,EW,Gerade Chefarzt Neugebauer,Chefarzt Neugebauer,gerade,gerade,unexpected,cont1,"[2, 1, 3]",
69a6db3e0a81a,102,dummy,high,dummy,Die Niederlande,dummy,dummy,dummy,dummy,cont3,"[1, 3, 2]",
69a6db3e0a81a,2,4,medium,RA,Auch heute,heute,auch,auch,unexpected,cont2,"[2, 1, 3]",
69a6db3e0a81a,108,dummy,high,dummy,Er wird vielleicht,dummy,dummy,dummy,dummy,cont3,"[2, 3, 1]",
69a6db3e0a81a,6,1,high,RA,Auch Nadja,Nadja,auch,auch,unexpected,cont1,"[2, 3, 1]",
69a6db3e0a81a,106,dummy,high,dummy,Er wird vielleicht,dummy,dummy,dummy,dummy,cont1,"[1, 2, 3]",
69a6db3e0a81a,25,6,medium,OH,Simon,Simon,ohne,ohne,unexpected,cont3,"[2, 1, 3]",
69a6db3e0a81a,28,4,medium,RA,Sogar er ,er,sogar,sogar,unexpected,cont3,"[3, 1, 2]",
69a6db3e0a81a,30,2,high,EW,Gerade heute ,heute ,gerade,gerade,unexpected and unfair,cont1,"[2, 3, 1]",
69a6db3e0a81a,103,dummy,medium,dummy,Ruth wird vielleicht,dummy,dummy,dummy,dummy,cont2,"[2, 3, 1]",
69a6db3e0a81a,3,3,high,OH,Tims Volvo,Tims Volvo,ohne,ohne,unexpected  and unfair,cont2,"[2, 3, 1]",
69a6db3e0a81a,32,1,high,RA,Auch diese Tabletten,diese Tabletten,auch ,auch,unexpected and unfair,cont1,"[1, 2, 3]",
69a6db3e0a81a,12,3,high,OH,Lisa,Lisa,ohne,ohne,unexpected,cont3,"[2, 1, 3]",
69a6db3e0a81a,24,1,high,RA,Auch Robert,Robert,auch,auch,unexpected,cont1,"[1, 3, 2]",
69a6db3e0a81a,101,dummy,medium,dummy,Lola,dummy,dummy,dummy,dummy,cont3,"[2, 3, 1]",
69a6db3e0a81a,107,dummy,medium,dummy,Sie werden vielleicht,dummy,dummy,dummy,dummy,cont2,"[2, 1, 3]",
69a6db3e0a81a,33,6,medium,OH,Dieser Podcast,diese Podcast,ohne,ohne,unexpected,cont3,"[2, 1, 3]",
69a6db3e0a81a,9,5,medium,EW,Ausgerechnet einen Tag vor dem Abflug,einen Tag vor dem Abflug,ausgerechnet,ausgerechnet,unexpected,cont2,"[3, 2, 1]",
69a6db3e0a81a,17,5,medium,EW,Ausgerechnet diese Münze,diese Münze,ausgerechnet,ausgerechnet,unexpected,cont3,"[2, 1, 3]",
69a6db3e0a81a,1,5,medium,EW,Ausgerechnet Peter,Peter,ausgerechnet,ausgerechnet,unexpected,cont1,"[2, 3, 1]",
69a6db3e0a81a,29,3,high,OH,Sein neues Handy,sein neues Handy,ohne,ohne,unexpected and unfair,cont1,"[1, 2, 3]",
69a6db3e0a81a,11,4,medium,RA,Erst dann,dann,erst,erst,unexpected,cont3,"[3, 2, 1]",
69a6db3e0a81a,8,6,medium,OH,Moritz ,Moritz,ohne,ohne ,unexpected,cont3,"[3, 2, 1]",
69a6db3e0a81a,16,5,medium,EW,Eben diese Woche,diese Woche,eben,eben,unexpected,cont2,"[1, 2, 3]",
69a6db3e0a81a,13,2,high,EW,Gerade Jonas,Jonas ,gerade,gerade,unexpected,cont1,"[2, 1, 3]",
69a6db3e0a81a,21,3,high,OH,Heute,heute ,ohne,ohne ,unexpected,cont3,"[3, 1, 2]",
69a6db3e0a81a,105,dummy,medium,dummy,Sie wird vielleicht,dummy,dummy,dummy,dummy,cont1,"[3, 2, 1]",
69a6db3e0a81a,104,dummy,high,dummy,Lukas wird vielleicht,dummy,dummy,dummy,dummy,cont2,"[2, 1, 3]",
69a6db3e0a81a,18,4,medium,RA,Nur Christian,Christian,nur,nur,unexpected,cont2,"[3, 1, 2]",
69a6db3e0a81a,14,1,high,RA,Nur an diesem Tag,an diesem Tag,bloß,bloß,unexpected,cont2,"[3, 1, 2]",
69a6db4f83c65,21,6,medium,OH,Heute,heute ,ohne,ohne ,unexpected,cont2,"[2, 3, 1]",
69a6db4f83c65,8,3,high,OH,Moritz ,Moritz,ohne,ohne ,unexpected,cont2,"[2, 3, 1]",
69a6db4f83c65,108,dummy,medium,dummy,Heute wird er wahrscheinlich,dummy,dummy,dummy,dummy,cont1,"[2, 1, 3]",
69a6db4f83c65,103,dummy,high,dummy,Am Sonntag wird wahrscheinlich,dummy,dummy,dummy,dummy,cont3,"[3, 2, 1]",
69a6db4f83c65,14,4,medium,RA,Nur an diesem Tag,an diesem Tag,bloß,bloß,unexpected,cont2,"[3, 1, 2]",
69a6db4f83c65,2,1,high,RA,Auch heute,heute,auch,auch,unexpected,cont2,"[2, 1, 3]",
69a6db4f83c65,101,dummy,high,dummy,Gestern,dummy,dummy,dummy,dummy,cont2,"[1, 3, 2]",
69a6db4f83c65,25,3,high,OH,Simon,Simon,ohne,ohne,unexpected,cont1,"[3, 1, 2]",
69a6db4f83c65,6,4,medium,RA,Auch Nadja,Nadja,auch,auch,unexpected,cont2,"[2, 3, 1]",
69a6db4f83c65,18,1,high,RA,Nur Christian,Christian,nur,nur,unexpected,cont3,"[2, 1, 3]",
69a6db4f83c65,11,1,high,RA,Erst dann,dann,erst,erst,unexpected,cont1,"[3, 1, 2]",
69a6db4f83c65,102,dummy,medium,dummy,Nächstes Jahr,dummy,dummy,dummy,dummy,cont1,"[2, 1, 3]",
69a6db4f83c65,17,2,high,EW,Ausgerechnet diese Münze,diese Münze,ausgerechnet,ausgerechnet,unexpected,cont1,"[2, 3, 1]",
69a6db4f83c65,4,5,medium,EW,Gerade Chefarzt Neugebauer,Chefarzt Neugebauer,gerade,gerade,unexpected,cont2,"[3, 2, 1]",
69a6db4f83c65,105,dummy,high,dummy,Am Freitag wird sie wahrscheinlich,dummy,dummy,dummy,dummy,cont3,"[3, 2, 1]",
69a6db4f83c65,32,4,medium,RA,Auch diese Tabletten,diese Tabletten,auch,auch,unexpected and unfair,cont3,"[2, 3, 1]",
69a6db4f83c65,1,2,high,EW,Ausgerechnet Peter,Peter,ausgerechnet,ausgerechnet,unexpected,cont3,"[2, 1, 3]",
69a6db4f83c65,13,5,medium,EW,Gerade Jonas,Jonas ,gerade,gerade,unexpected,cont3,"[3, 2, 1]",
69a6db4f83c65,23,5,medium,EW,Gerade jetzt,jetzt,gerade,gerade,unfair,cont1,"[2, 1, 3]",
69a6db4f83c65,33,3,high,OH,Dieser Podcast,diese Podcast,ohne,ohne,unexpected,cont1,"[2, 1, 3]",
69a6db4f83c65,24,4,medium,RA,Auch Robert,Robert,auch,auch,unexpected,cont3,"[2, 3, 1]",
69a6db4f83c65,16,2,high,EW,Eben diese Woche,diese Woche,eben,eben,unexpected,cont3,"[3, 2, 1]",
69a6db4f83c65,30,5,medium,EW,Gerade heute ,heute ,gerade,gerade,unexpected and unfair,cont3,"[3, 1, 2]",
69a6db4f83c65,9,2,high,EW,Ausgerechnet einen Tag vor dem Abflug,einen Tag vor dem Abflug,ausgerechnet,ausgerechnet,unfair,cont3,"[2, 3, 1]",
69a6db4f83c65,104,dummy,medium,dummy,Morgen wird er wahrscheinlich,dummy,dummy,dummy,dummy,cont3,"[1, 3, 2]",
69a6db4f83c65,29,6,medium,OH,Sein neues Handy,sein neues Handy,ohne,ohne,unexpected and unfair,cont1,"[3, 2, 1]",
69a6db4f83c65,106,dummy,medium,dummy,Heute wird er wahrscheinlich,dummy,dummy,dummy,dummy,cont2,"[1, 3, 2]",
69a6db4f83c65,28,1,high,RA,Sogar er ,er,sogar,sogar,unexpected and unfair,cont3,"[2, 3, 1]",
69a6db4f83c65,15,3,high,OH,Dann,dann,ohne,ohne,unexpected,cont3,"[1, 3, 2]",
69a6db4f83c65,3,6,medium,OH,Tims Volvo ,Tims Volvo,ohne,ohne,unexpected  and unfair,cont3,"[3, 2, 1]",
69a6db4f83c65,107,dummy,high,dummy,Am Wochenende werden sie wahrscheinlich,dummy,dummy,dummy,dummy,cont1,"[1, 2, 3]",
69a6db4f83c65,12,6,medium,OH,Lisa,Lisa,ohne,ohne,unexpected,cont2,"[1, 3, 2]",
69a6dbc49b83a,107,dummy,medium,dummy,Sie werden vielleicht,dummy,dummy,dummy,dummy,cont2,"[1, 2, 3]",
69a6dbc49b83a,23,6,medium,OH,Jetzt,jetzt,ohne,ohne,unfair,cont1,"[3, 2, 1]",
69a6dbc49b83a,15,4,medium,RA,Auch dann,dann,auch,auch,unexpected,cont1,"[1, 2, 3]",
69a6dbc49b83a,29,1,high,RA,Nur sein neues Handy,sein neues Handy,nur,nur,unexpected and unfair,cont1,"[2, 3, 1]",
69a6dbc49b83a,105,dummy,medium,dummy,Sie wird vielleicht,dummy,dummy,dummy,dummy,cont1,"[1, 3, 2]",
69a6dbc49b83a,106,dummy,high,dummy,Er wird vielleicht,dummy,dummy,dummy,dummy,cont2,"[3, 1, 2]",
69a6dbc49b83a,103,dummy,medium,dummy,Ruth wird vielleicht,dummy,dummy,dummy,dummy,cont3,"[1, 2, 3]",
69a6dbc49b83a,6,5,medium,EW,Ausgerechnet Nadja,Nadja,ausgerechnet,ausgerechnet,unexpected,cont2,"[1, 2, 3]",
69a6dbc49b83a,9,3,high,OH,Einen Tag vor dem Abflug,einen Tag vor dem Abflug,ohne,ohne ,unfair,cont3,"[1, 3, 2]",
69a6dbc49b83a,101,dummy,medium,dummy,Lola,dummy,dummy,dummy,dummy,cont1,"[3, 1, 2]",
69a6dbc49b83a,4,6,medium,OH,Chefarzt Neugebauer,Chefarzt Neugebauer,ohne,ohne ,unexpected,cont2,"[2, 1, 3]",
69a6dbc49b83a,17,3,high,OH,Diese Münze ,diese Münze,ohne,ohne,unexpected,cont2,"[2, 1, 3]",
69a6dbc49b83a,13,6,medium,OH,Jonas ,Jonas ,ohne,ohne,unexpected,cont2,"[1, 2, 3]",
69a6dbc49b83a,3,1,high,RA,Nur Tims Volvo,Tims Volvo,nur,nur,unexpected  and unfair,,"[2, 3, 1]",{'jQuery111108472737409030183': 61}
69a6dbc49b83a,24,5,medium,EW,Ausgerechnet Robert,Robert,ausgerechnet,ausgerechnet,unexpected,cont1,"[3, 2, 1]",
69a6dbc49b83a,102,dummy,high,dummy,Die Niederlande,dummy,dummy,dummy,dummy,cont3,"[1, 3, 2]",
69a6dbc49b83a,21,1,high,RA,Auch heute,heute ,auch,auch,unexpected,cont3,"[3, 2, 1]",
69a6dbc49b83a,28,2,high,EW,Genau er,er,genau,genau,unexpected and unfair,cont3,"[1, 3, 2]",
69a6dbc49b83a,16,3,high,OH,Diese Woche,diese Woche,ohne,ohne ,unexpected,cont1,"[3, 2, 1]",
69a6dbc49b83a,33,4,medium,RA,Nur dieser Podcast,diese Podcast,nur,nur,unexpected,cont2,"[3, 1, 2]",
69a6dbc49b83a,104,dummy,high,dummy,Lukas wird vielleicht,dummy,dummy,dummy,dummy,cont2,"[3, 1, 2]",
69a6dbc49b83a,108,dummy,high,dummy,Er wird vielleicht,dummy,dummy,dummy,dummy,cont3,"[1, 3, 2]",
69a6dbc49b83a,30,6,medium,OH,Heute,heute ,ohne,ohne,unexpected and unfair,cont1,"[1, 2, 3]",
69a6dbc49b83a,14,5,medium,EW,Genau an diesem Tag,an diesem Tag,genau,genau,unexpected,cont1,"[3, 2, 1]",
69a6dbc49b83a,32,5,medium,EW,Ausgerechnet diese Tabletten,diese Tabletten,ausgerechnet,ausgerechnet,unexpected and unfair,cont3,"[3, 1, 2]",
69a6dbc49b83a,18,2,high,EW,Ausgerechnet Christian,Christian,ausgerechnet,ausgerechnet,unexpected,cont1,"[2, 3, 1]",
69a6dbc49b83a,8,4,medium,RA,Auch Moritz,Moritz,auch ,auch,unexpected,cont1,"[1, 2, 3]",
69a6dbc49b83a,12,1,high,RA,Auch Lisa,Lisa,auch,auch,unexpected,cont3,"[3, 2, 1]",
69a6dbc49b83a,1,3,high,OH,Peter,Peter,ohne,ohne,unexpected,cont1,"[1, 2, 3]",
69a6dbc49b83a,2,2,high,EW,Ausgerechnet heute,heute,ausgerechnet,ausgerechnet,unexpected,cont3,"[3, 1, 2]",
69a6dbc49b83a,25,4,medium,RA,Nur Simon,Simon,nur,nur,unexpected,cont1,"[2, 1, 3]",
69a6dbc49b83a,11,2,high,EW,Gerade dann,dann,gerade,gerade,unexpected,cont3,"[1, 2, 3]",
69a6ad9313273,25,4,medium,RA,Nur Simon,Simon,nur,nur,unexpected,cont3,"[3, 2, 1]",
69a6ad9313273,107,dummy,medium,dummy,Sie werden vielleicht,dummy,dummy,dummy,dummy,cont1,"[2, 1, 3]",
69a6ad9313273,1,3,high,OH,Peter,Peter,ohne,ohne,unexpected,cont2,"[1, 3, 2]",
69a6ad9313273,11,2,high,EW,Gerade dann,dann,gerade,gerade,unexpected,cont3,"[1, 3, 2]",
69a6ad9313273,4,6,medium,OH,Chefarzt Neugebauer,Chefarzt Neugebauer,ohne,ohne ,unexpected,cont3,"[3, 2, 1]",
69a6ad9313273,14,5,medium,EW,Genau an diesem Tag,an diesem Tag,genau,genau,unexpected,cont2,"[2, 1, 3]",
69a6ad9313273,32,5,medium,EW,Ausgerechnet diese Tabletten,diese Tabletten,ausgerechnet,ausgerechnet,unexpected and unfair,cont1,"[3, 1, 2]",
69a6ad9313273,17,3,high,OH,Diese Münze ,diese Münze,ohne,ohne,unexpected,cont1,"[1, 2, 3]",
69a6ad9313273,106,dummy,high,dummy,Er wird vielleicht,dummy,dummy,dummy,dummy,cont3,"[3, 2, 1]",
69a6ad9313273,108,dummy,high,dummy,Er wird vielleicht,dummy,dummy,dummy,dummy,cont2,"[1, 2, 3]",
69a6ad9313273,21,1,high,RA,Auch heute,heute ,auch,auch,unexpected,cont2,"[1, 3, 2]",
69a6ad9313273,3,1,high,RA,Nur Tims Volvo,Tims Volvo,nur,nur,unexpected  and unfair,cont1,"[2, 3, 1]",
69a6ad9313273,16,3,high,OH,Diese Woche,diese Woche,ohne,ohne ,unexpected,cont2,"[3, 1, 2]",
69a6ad9313273,9,3,high,OH,Einen Tag vor dem Abflug,einen Tag vor dem Abflug,ohne,ohne ,unfair,cont1,"[3, 1, 2]",
69a6ad9313273,12,1,high,RA,Auch Lisa,Lisa,auch,auch,unexpected,cont3,"[2, 1, 3]",
69a6ad9313273,13,6,medium,OH,Jonas ,Jonas ,ohne,ohne,unexpected,cont1,"[3, 2, 1]",
69a6ad9313273,33,4,medium,RA,Nur dieser Podcast,diese Podcast,nur,nur,unexpected,cont3,"[1, 3, 2]",
69a6ad9313273,18,2,high,EW,Ausgerechnet Christian,Christian,ausgerechnet,ausgerechnet,unexpected,cont2,"[3, 2, 1]",
69a6ad9313273,15,4,medium,RA,Auch dann,dann,auch,auch,unexpected,cont2,"[3, 1, 2]",
69a6ad9313273,2,2,high,EW,Ausgerechnet heute,heute,ausgerechnet,ausgerechnet,unexpected,cont3,"[3, 1, 2]",
69a6ad9313273,105,dummy,medium,dummy,Sie wird vielleicht,dummy,dummy,dummy,dummy,cont2,"[3, 2, 1]",
69a6ad9313273,29,1,high,RA,Nur sein neues Handy,sein neues Handy,nur,nur,unexpected and unfair,cont1,"[2, 1, 3]",
69a6ad9313273,104,dummy,high,dummy,Lukas wird vielleicht,dummy,dummy,dummy,dummy,cont2,"[2, 3, 1]",
69a6ad9313273,24,5,medium,EW,Ausgerechnet Robert,Robert,ausgerechnet,ausgerechnet,unexpected,cont3,"[1, 2, 3]",
69a6ad9313273,28,2,high,EW,Genau er,er,genau,genau,unexpected and unfair,cont2,"[1, 2, 3]",
69a6ad9313273,6,5,medium,EW,Ausgerechnet Nadja,Nadja,ausgerechnet,ausgerechnet,unexpected,cont3,"[3, 2, 1]",
69a6ad9313273,8,4,medium,RA,Auch Moritz,Moritz,auch ,auch,unexpected,cont2,"[1, 2, 3]",
69a6ad9313273,101,dummy,medium,dummy,Lola,dummy,dummy,dummy,dummy,cont2,"[1, 3, 2]",
69a6ad9313273,30,6,medium,OH,Heute,heute ,ohne,ohne,unexpected and unfair,cont1,"[1, 3, 2]",
69a6ad9313273,102,dummy,high,dummy,Die Niederlande,dummy,dummy,dummy,dummy,cont2,"[1, 2, 3]",
69a6ad9313273,103,dummy,medium,dummy,Ruth wird vielleicht,dummy,dummy,dummy,dummy,cont1,"[2, 1, 3]",
69a6ad9313273,23,6,medium,OH,Jetzt,jetzt,ohne,ohne,unfair,cont1,"[2, 1, 3]",
69a6db3498ec4,102,dummy,medium,dummy,Nächstes Jahr,dummy,dummy,dummy,dummy,cont1,"[2, 1, 3]",
69a6db3498ec4,106,dummy,medium,dummy,Heute wird er wahrscheinlich,dummy,dummy,dummy,dummy,,"[3, 2, 1]",{'jQuery111106449068395076997': 61}
69a6db3498ec4,29,4,medium,RA,Nur sein neues Handy,sein neues Handy,nur,nur,unexpected and unfair,cont2,"[1, 2, 3]",
69a6db3498ec4,1,6,medium,OH,Peter,Peter,ohne,ohne,unexpected,cont1,"[1, 3, 2]",
69a6db3498ec4,3,4,medium,RA,Nur Tims Volvo,Tims Volvo,nur,nur,unexpected  and unfair,cont1,"[1, 2, 3]",
69a6db3498ec4,33,1,high,RA,Nur dieser Podcast,diese Podcast,nur,nur,unexpected,cont3,"[3, 2, 1]",
69a6db3498ec4,103,dummy,high,dummy,Am Sonntag wird wahrscheinlich,dummy,dummy,dummy,dummy,cont1,"[1, 2, 3]",
69a6db3498ec4,107,dummy,high,dummy,Am Wochenende werden sie wahrscheinlich,dummy,dummy,dummy,dummy,cont3,"[3, 1, 2]",
69a6db3498ec4,2,5,medium,EW,Ausgerechnet heute,heute,ausgerechnet,ausgerechnet,unexpected,cont1,"[2, 1, 3]",
69a6db3498ec4,30,3,high,OH,Heute,heute ,ohne,ohne,unexpected and unfair,cont2,"[1, 3, 2]",
69a6db3498ec4,14,2,high,EW,Genau an diesem Tag,an diesem Tag,genau,genau,unexpected,cont1,"[3, 2, 1]",
69a6db3498ec4,101,dummy,high,dummy,Gestern,dummy,dummy,dummy,dummy,cont3,"[1, 2, 3]",
69a6db3498ec4,105,dummy,high,dummy,Am Freitag wird sie wahrscheinlich,dummy,dummy,dummy,dummy,cont2,"[3, 2, 1]",
69a6db3498ec4,15,1,high,RA,Auch dann,dann,auch,auch,unexpected,cont1,"[1, 3, 2]",
69a6db3498ec4,17,6,medium,OH,Diese Münze ,diese Münze,ohne,ohne,unexpected,cont3,"[1, 3, 2]",
69a6db3498ec4,9,6,medium,OH,Einen Tag vor dem Abflug,einen Tag vor dem Abflug,ohne,ohne ,unexpected,cont2,"[1, 2, 3]",
69a6db3498ec4,8,1,high,RA,Auch Moritz,Moritz,auch ,auch,unexpected,cont3,"[3, 2, 1]",
69a6db3498ec4,4,3,high,OH,Chefarzt Neugebauer,Chefarzt Neugebauer,ohne,ohne ,unexpected,cont1,"[2, 3, 1]",
69a6db3498ec4,6,2,high,EW,Ausgerechnet Nadja,Nadja,ausgerechnet,ausgerechnet,unexpected,cont2,"[1, 2, 3]",
69a6db3498ec4,13,3,high,OH,Jonas ,Jonas ,ohne,ohne,unexpected,cont2,"[2, 3, 1]",
69a6db3498ec4,28,5,medium,EW,Genau er,er,genau,genau,unexpected,cont3,"[1, 3, 2]",
69a6db3498ec4,12,4,medium,RA,Auch Lisa,Lisa,auch,auch,unexpected,cont2,"[1, 3, 2]",
69a6db3498ec4,16,6,medium,OH,Diese Woche,diese Woche,ohne,ohne ,unexpected,cont2,"[2, 1, 3]",
69a6db3498ec4,21,4,medium,RA,Auch heute,heute ,auch,auch,unexpected,cont1,"[1, 3, 2]",
69a6db3498ec4,23,3,high,OH,Jetzt,jetzt,ohne,ohne,unfair,cont2,"[1, 3, 2]",
69a6db3498ec4,18,5,medium,EW,Ausgerechnet Christian,Christian,ausgerechnet,ausgerechnet,unexpected,cont3,"[3, 1, 2]",
69a6db3498ec4,32,2,high,EW,Ausgerechnet diese Tabletten,diese Tabletten,ausgerechnet,ausgerechnet,unexpected and unfair,cont2,"[3, 2, 1]",
69a6db3498ec4,104,dummy,medium,dummy,Morgen wird er wahrscheinlich,dummy,dummy,dummy,dummy,cont3,"[2, 3, 1]",
69a6db3498ec4,108,dummy,medium,dummy,Heute wird er wahrscheinlich,dummy,dummy,dummy,dummy,cont3,"[3, 1, 2]",
69a6db3498ec4,11,5,medium,EW,Gerade dann,dann,gerade,gerade,unexpected,cont1,"[2, 3, 1]",
69a6db3498ec4,24,2,high,EW,Ausgerechnet Robert,Robert,ausgerechnet,ausgerechnet,unexpected,cont1,"[2, 1, 3]",
69a6db3498ec4,25,1,high,RA,Nur Simon,Simon,nur,nur,unexpected,cont2,"[2, 3, 1]",
69a6ae0076592,32,2,high,EW,Ausgerechnet diese Tabletten,diese Tabletten,ausgerechnet,ausgerechnet,unexpected and unfair,cont1,"[2, 3, 1]",
69a6ae0076592,4,3,high,OH,Chefarzt Neugebauer,Chefarzt Neugebauer,ohne,ohne ,unexpected,cont1,"[3, 2, 1]",
69a6ae0076592,105,dummy,high,dummy,Am Freitag wird sie wahrscheinlich,dummy,dummy,dummy,dummy,cont1,"[2, 3, 1]",
69a6ae0076592,29,4,medium,RA,Nur sein neues Handy,sein neues Handy,nur,nur,unexpected and unfair,cont3,"[3, 2, 1]",
69a6ae0076592,11,5,medium,EW,Gerade dann,dann,gerade,gerade,unexpected,cont2,"[3, 1, 2]",
69a6ae0076592,3,4,medium,RA,Nur Tims Volvo,Tims Volvo,nur,nur,unexpected  and unfair,cont1,"[3, 1, 2]",
69a6ae0076592,2,5,medium,EW,Ausgerechnet heute,heute,ausgerechnet,ausgerechnet,unexpected,cont2,"[1, 2, 3]",
69a6ae0076592,30,3,high,OH,Heute,heute ,ohne,ohne,unexpected and unfair,cont1,"[3, 1, 2]",
69a6ae0076592,104,dummy,medium,dummy,Morgen wird er wahrscheinlich,dummy,dummy,dummy,dummy,cont1,"[3, 2, 1]",
69a6ae0076592,15,1,high,RA,Auch dann,dann,auch,auch,unexpected,cont2,"[3, 1, 2]",
69a6ae0076592,1,6,medium,OH,Peter,Peter,ohne,ohne,unexpected,cont1,"[1, 3, 2]",
69a6ae0076592,102,dummy,medium,dummy,Nächstes Jahr,dummy,dummy,dummy,dummy,cont2,"[2, 3, 1]",
69a6ae0076592,12,4,medium,RA,Auch Lisa,Lisa,auch,auch,unexpected,cont2,"[2, 1, 3]",{'jQuery1111007203874858962911': 61}
69a6ae0076592,24,2,high,EW,Ausgerechnet Robert,Robert,ausgerechnet,ausgerechnet,unexpected,cont3,"[3, 1, 2]",
69a6ae0076592,8,1,high,RA,Auch Moritz,Moritz,auch ,auch,unexpected,cont2,"[1, 3, 2]",
69a6ae0076592,17,6,medium,OH,Diese Münze ,diese Münze,ohne,ohne,unexpected,cont2,"[3, 2, 1]",
69a6ae0076592,108,dummy,medium,dummy,Heute wird er wahrscheinlich,dummy,dummy,dummy,dummy,,"[1, 3, 2]",{'jQuery1111007203874858962911': 61}
69a6ae0076592,23,3,high,OH,Jetzt,jetzt,ohne,ohne,unfair,cont2,"[2, 1, 3]",
69a6ae0076592,103,dummy,high,dummy,Am Sonntag wird wahrscheinlich,dummy,dummy,dummy,dummy,cont1,"[1, 3, 2]",
69a6ae0076592,107,dummy,high,dummy,Am Wochenende werden sie wahrscheinlich,dummy,dummy,dummy,dummy,cont1,"[1, 3, 2]",
69a6ae0076592,21,4,medium,RA,Auch heute,heute ,auch,auch,unexpected,cont3,"[3, 2, 1]",
69a6ae0076592,13,3,high,OH,Jonas ,Jonas ,ohne,ohne,unexpected,cont3,"[1, 2, 3]",
69a6ae0076592,28,5,medium,EW,Genau er,er,genau,genau,unexpected,cont2,"[1, 2, 3]",
69a6ae0076592,101,dummy,high,dummy,Gestern,dummy,dummy,dummy,dummy,cont1,"[2, 3, 1]",
69a6ae0076592,6,2,high,EW,Ausgerechnet Nadja,Nadja,ausgerechnet,ausgerechnet,unexpected,cont2,"[3, 2, 1]",
69a6ae0076592,14,2,high,EW,Genau an diesem Tag,an diesem Tag,genau,genau,unexpected,cont1,"[2, 3, 1]",
69a6ae0076592,33,1,high,RA,Nur dieser Podcast,diese Podcast,nur,nur,unexpected,,"[2, 1, 3]",{'jQuery1111007203874858962911': 61}
69a6ae0076592,106,dummy,medium,dummy,Heute wird er wahrscheinlich,dummy,dummy,dummy,dummy,cont2,"[1, 3, 2]",
69a6ae0076592,9,6,medium,OH,Einen Tag vor dem Abflug,einen Tag vor dem Abflug,ohne,ohne ,unexpected,cont3,"[3, 1, 2]",
69a6ae0076592,25,1,high,RA,Nur Simon,Simon,nur,nur,unexpected,cont3,"[2, 3, 1]",
69a6ae0076592,16,6,medium,OH,Diese Woche,diese Woche,ohne,ohne ,unexpected,cont2,"[1, 2, 3]",
69a6ae0076592,18,5,medium,EW,Ausgerechnet Christian,Christian,ausgerechnet,ausgerechnet,unexpected,cont2,"[1, 2, 3]",
69a6ae1205674,14,3,high,OH,An diesem Tag,an diesem Tag,ohne,ohne,unexpected,cont2,"[2, 3, 1]",
69a6ae1205674,101,dummy,medium,dummy,Lola,dummy,dummy,dummy,dummy,cont1,"[1, 2, 3]",
69a6ae1205674,6,3,high,OH,Nadja,Nadja,ohne,ohne ,unexpected,cont3,"[3, 2, 1]",
69a6ae1205674,15,2,high,EW,Genau dann,dann,genau,genau,unexpected,cont2,"[3, 2, 1]",
69a6ae1205674,8,2,high,EW,Ausgerechnet Moritz,Moritz,ausgerechnet,ausgerechnet,unexpected,cont2,"[3, 2, 1]",
69a6ae1205674,16,1,high,RA,Nur diese Woche,diese Woche,nur,nur,unexpected,cont2,"[1, 2, 3]",
69a6ae1205674,24,3,high,OH,Robert,Robert,ohne,ohne,unexpected,cont3,"[1, 3, 2]",
69a6ae1205674,17,1,high,RA,Auch diese Münze,diese Münze,auch,auch,unexpected,cont3,"[3, 2, 1]",
69a6ae1205674,29,5,medium,EW,Ausgerechnet sein neues Handy,sein neues Handy,ausgerechnet,ausgerechnet,unexpected and unfair,cont2,"[1, 2, 3]",
69a6ae1205674,107,dummy,medium,dummy,Sie werden vielleicht,dummy,dummy,dummy,dummy,cont1,"[1, 2, 3]",
69a6ae1205674,32,3,high,OH,Diese Tabletten ,diese Tabletten,ohne,ohne,unexpected and unfair,cont2,"[3, 2, 1]",
69a6ae1205674,30,4,medium,RA,Lediglich heute ,heute ,lediglich,lediglich,unexpected and unfair,cont1,"[2, 3, 1]",
69a6ae1205674,13,4,medium,RA,Sogar Jonas,Jonas ,sogar,sogar,unexpected,cont2,"[3, 1, 2]",
69a6ae1205674,106,dummy,high,dummy,Er wird vielleicht,dummy,dummy,dummy,dummy,cont3,"[2, 3, 1]",
69a6ae1205674,28,6,medium,OH,Er ,er,ohne,ohne ,unexpected,cont3,"[2, 3, 1]",
69a6ae1205674,9,1,high,RA,Sogar einen Tag vor dem Abflug,einen Tag vor dem Abflug,sogar,sogar,unfair,cont3,"[1, 2, 3]",
69a6ae1205674,1,1,high,RA,Nur Peter,Peter,nur,nur,unexpected,cont3,"[2, 3, 1]",
69a6ae1205674,2,6,medium,OH,Heute,heute,ohne,ohne,unexpected,cont3,"[2, 1, 3]",
69a6ae1205674,18,6,medium,OH,Christian ,Christian,ohne,ohne ,unexpected,cont1,"[3, 1, 2]",
69a6ae1205674,105,dummy,medium,dummy,Sie wird vielleicht,dummy,dummy,dummy,dummy,cont3,"[3, 2, 1]",
69a6ae1205674,3,5,medium,EW,Ausgerechnet Tims Volvo,Tims Volvo,ausgerechnet,ausgerechnet,unexpected  and unfair,cont1,"[2, 3, 1]",
69a6ae1205674,23,4,medium,RA,Nur jetzt ,jetzt,nur,nur,unfair,cont1,"[2, 3, 1]",
69a6ae1205674,4,4,medium,RA,Nur Chefarzt Neugebauer,Chefarzt Neugebauer,nur,nur,unexpected,cont3,"[2, 1, 3]",
69a6ae1205674,102,dummy,high,dummy,Die Niederlande,dummy,dummy,dummy,dummy,cont1,"[3, 1, 2]",
69a6ae1205674,104,dummy,high,dummy,Lukas wird vielleicht,dummy,dummy,dummy,dummy,cont3,"[2, 3, 1]",
69a6ae1205674,21,5,medium,EW,Eben heute,heute ,eben,eben,unexpected,cont2,"[1, 2, 3]",
69a6ae1205674,33,2,high,EW,Gerade dieser Podcast,diese Podcast,gerade,gerade,unexpected,cont2,"[1, 2, 3]",
69a6ae1205674,25,2,high,EW,Ausgerechnet Simon,Simon,ausgerechnet,ausgerechnet,unexpected,cont3,"[3, 1, 2]",
69a6ae1205674,11,6,medium,OH,Dann,dann,ohne,ohne ,unexpected,cont2,"[1, 2, 3]",
69a6ae1205674,103,dummy,medium,dummy,Ruth wird vielleicht,dummy,dummy,dummy,dummy,cont2,"[2, 3, 1]",
69a6ae1205674,12,5,medium,EW,Ausgerechnet Lisa,Lisa,ausgerechnet,ausgerechnet,unexpected,cont3,"[1, 2, 3]",
69a6ae1205674,108,dummy,high,dummy,Er wird vielleicht,dummy,dummy,dummy,dummy,cont3,"[3, 1, 2]",
69a6aed9cd1e7,28,2,high,EW,Genau er,er,genau,genau,unexpected and unfair,cont2,"[1, 2, 3]",
69a6aed9cd1e7,2,2,high,EW,Ausgerechnet heute,heute,ausgerechnet,ausgerechnet,unexpected,cont2,"[1, 2, 3]",
69a6aed9cd1e7,13,6,medium,OH,Jonas ,Jonas ,ohne,ohne,unexpected,cont2,"[3, 2, 1]",
69a6aed9cd1e7,30,6,medium,OH,Heute,heute ,ohne,ohne,unexpected and unfair,cont1,"[3, 2, 1]",
69a6aed9cd1e7,14,5,medium,EW,Genau an diesem Tag,an diesem Tag,genau,genau,unexpected,cont1,"[2, 1, 3]",
69a6aed9cd1e7,102,dummy,high,dummy,Die Niederlande,dummy,dummy,dummy,dummy,cont2,"[1, 3, 2]",
69a6aed9cd1e7,1,3,high,OH,Peter,Peter,ohne,ohne,unexpected,cont2,"[2, 3, 1]",
69a6aed9cd1e7,25,4,medium,RA,Nur Simon,Simon,nur,nur,unexpected,cont1,"[1, 2, 3]",
69a6aed9cd1e7,108,dummy,high,dummy,Er wird vielleicht,dummy,dummy,dummy,dummy,cont1,"[1, 2, 3]",
69a6aed9cd1e7,18,2,high,EW,Ausgerechnet Christian,Christian,ausgerechnet,ausgerechnet,unexpected,cont1,"[2, 3, 1]",
69a6aed9cd1e7,4,6,medium,OH,Chefarzt Neugebauer,Chefarzt Neugebauer,ohne,ohne ,unexpected,cont3,"[1, 3, 2]",
69a6aed9cd1e7,104,dummy,high,dummy,Lukas wird vielleicht,dummy,dummy,dummy,dummy,cont3,"[3, 2, 1]",
69a6aed9cd1e7,17,3,high,OH,Diese Münze ,diese Münze,ohne,ohne,unexpected,cont1,"[2, 1, 3]",
69a6aed9cd1e7,107,dummy,medium,dummy,Sie werden vielleicht,dummy,dummy,dummy,dummy,cont3,"[2, 1, 3]",
69a6aed9cd1e7,21,1,high,RA,Auch heute,heute ,auch,auch,unexpected,cont2,"[2, 3, 1]",
69a6aed9cd1e7,6,5,medium,EW,Ausgerechnet Nadja,Nadja,ausgerechnet,ausgerechnet,unexpected,cont3,"[1, 3, 2]",
69a6aed9cd1e7,24,5,medium,EW,Ausgerechnet Robert,Robert,ausgerechnet,ausgerechnet,unexpected,cont3,"[3, 1, 2]",
69a6aed9cd1e7,8,4,medium,RA,Auch Moritz,Moritz,auch ,auch,unexpected,cont3,"[2, 3, 1]",
69a6aed9cd1e7,12,1,high,RA,Auch Lisa,Lisa,auch,auch,unexpected,cont1,"[1, 2, 3]",
69a6aed9cd1e7,11,2,high,EW,Gerade dann,dann,gerade,gerade,unexpected,cont2,"[1, 2, 3]",
69a6aed9cd1e7,16,3,high,OH,Diese Woche,diese Woche,ohne,ohne ,unexpected,cont1,"[3, 1, 2]",
69a6aed9cd1e7,103,dummy,medium,dummy,Ruth wird vielleicht,dummy,dummy,dummy,dummy,cont3,"[2, 1, 3]",
69a6aed9cd1e7,23,6,medium,OH,Jetzt,jetzt,ohne,ohne,unfair,cont1,"[3, 1, 2]",
69a6aed9cd1e7,101,dummy,medium,dummy,Lola,dummy,dummy,dummy,dummy,cont2,"[2, 1, 3]",
69a6aed9cd1e7,3,1,high,RA,Nur Tims Volvo,Tims Volvo,nur,nur,unexpected  and unfair,cont3,"[3, 1, 2]",
69a6aed9cd1e7,32,5,medium,EW,Ausgerechnet diese Tabletten,diese Tabletten,ausgerechnet,ausgerechnet,unexpected and unfair,cont3,"[1, 3, 2]",
69a6aed9cd1e7,33,4,medium,RA,Nur dieser Podcast,diese Podcast,nur,nur,unexpected,cont2,"[3, 1, 2]",
69a6aed9cd1e7,105,dummy,medium,dummy,Sie wird vielleicht,dummy,dummy,dummy,dummy,cont1,"[2, 3, 1]",
69a6aed9cd1e7,9,3,high,OH,Einen Tag vor dem Abflug,einen Tag vor dem Abflug,ohne,ohne ,unfair,cont2,"[3, 2, 1]",
69a6aed9cd1e7,106,dummy,high,dummy,Er wird vielleicht,dummy,dummy,dummy,dummy,cont2,"[2, 3, 1]",
69a6aed9cd1e7,15,4,medium,RA,Auch dann,dann,auch,auch,unexpected,cont2,"[3, 1, 2]",
69a6aed9cd1e7,29,1,high,RA,Nur sein neues Handy,sein neues Handy,nur,nur,unexpected and unfair,cont1,"[3, 2, 1]",
